{"cameraMode":{"drawMode":0,"name":"Shaded","section":"Shading Mode"},"sceneLighting":false,"audioPlay":false,"sceneViewState":{"showFog":true,"showMaterialUpdate":false,"showSkybox":true,"showFlares":true,"showImageEffects":true,"showParticleSystems":true},"in2DMode":false,"pivot":{"x":-38.1274528503418,"y":-41.49303436279297,"z":3.4311389923095705},"rotation":{"x":0.5002105236053467,"y":-0.4993121027946472,"z":0.4845532476902008,"w":0.5154465436935425},"size":119.5462646484375,"orthographic":false}