{"cameraMode":{"drawMode":0,"name":"Shaded","section":"Shading Mode"},"sceneLighting":false,"audioPlay":false,"sceneViewState":{"showFog":true,"showMaterialUpdate":false,"showSkybox":false,"showFlares":true,"showImageEffects":true,"showParticleSystems":true},"in2DMode":false,"pivot":{"x":-3.75,"y":-0.5049072504043579,"z":4.066732406616211},"rotation":{"x":-0.38864290714263918,"y":0.11698470264673233,"z":-0.049805544316768649,"w":-0.9125736355781555},"size":19.40591049194336,"orthographic":false}