{"cameraMode":{"drawMode":0,"name":"Shaded","section":"Shading Mode"},"sceneLighting":true,"audioPlay":false,"sceneViewState":{"showFog":true,"showMaterialUpdate":false,"showSkybox":true,"showFlares":true,"showImageEffects":true,"showParticleSystems":true},"in2DMode":false,"pivot":{"x":103.80000305175781,"y":0.7799999713897705,"z":-2.3949999809265138},"rotation":{"x":-0.20711277425289155,"y":0.298771470785141,"z":-0.06659464538097382,"w":-0.9291959404945374},"size":8.329575538635254,"orthographic":false}