{"cameraMode":{"drawMode":0,"name":"Shaded","section":"Shading Mode"},"sceneLighting":false,"audioPlay":false,"sceneViewState":{"showFog":true,"showMaterialUpdate":false,"showSkybox":false,"showFlares":true,"showImageEffects":true,"showParticleSystems":true},"in2DMode":false,"pivot":{"x":0.0000133514404296875,"y":0.1985158920288086,"z":0.17683029174804688},"rotation":{"x":0.01643477752804756,"y":0.9647615551948547,"z":-0.06202033534646034,"w":0.25518330931663515},"size":31.84872817993164,"orthographic":false}