{"cameraMode":{"drawMode":0,"name":"Shaded","section":"Shading Mode"},"sceneLighting":true,"audioPlay":false,"sceneViewState":{"showFog":true,"showMaterialUpdate":false,"showSkybox":true,"showFlares":true,"showImageEffects":true,"showParticleSystems":true},"in2DMode":false,"pivot":{"x":495.1606750488281,"y":267.03094482421877,"z":440.1623840332031},"rotation":{"x":0.11256243288516998,"y":-0.012480087578296662,"z":0.0014571116771548987,"w":0.9935652613639832},"size":1400.10546875,"orthographic":false}