{"cameraMode":{"drawMode":0,"name":"Shaded","section":"Shading Mode"},"sceneLighting":true,"audioPlay":false,"sceneViewState":{"showFog":true,"showMaterialUpdate":false,"showSkybox":true,"showFlares":true,"showImageEffects":true,"showParticleSystems":true},"in2DMode":false,"pivot":{"x":289.2431335449219,"y":370.55078125,"z":-198.36912536621095},"rotation":{"x":-0.44455334544181826,"y":0.44574669003486636,"z":-0.27232035994529726,"w":-0.7276838421821594},"size":84.8380355834961,"orthographic":false}