{"cameraMode":{"drawMode":0,"name":"Shaded","section":"Shading Mode"},"sceneLighting":false,"audioPlay":false,"sceneViewState":{"showFog":true,"showMaterialUpdate":false,"showSkybox":false,"showFlares":true,"showImageEffects":true,"showParticleSystems":true},"in2DMode":false,"pivot":{"x":0.00001811981201171875,"y":-0.026289939880371095,"z":0.2627239227294922},"rotation":{"x":0.01643477752804756,"y":0.9647615551948547,"z":-0.06202033534646034,"w":0.25518330931663515},"size":35.4909553527832,"orthographic":false}