{"cameraMode":{"drawMode":0,"name":"Shaded","section":"Shading Mode"},"sceneLighting":true,"audioPlay":false,"sceneViewState":{"showFog":true,"showMaterialUpdate":false,"showSkybox":true,"showFlares":true,"showImageEffects":true,"showParticleSystems":true},"in2DMode":false,"pivot":{"x":3112.80224609375,"y":153.31471252441407,"z":-660.9210815429688},"rotation":{"x":-0.37383273243904116,"y":0.35700976848602297,"z":-0.15869051218032838,"w":-0.8411958813667297},"size":1631.25830078125,"orthographic":false}