{"cameraMode":{"drawMode":0,"name":"Shaded","section":"Shading Mode"},"sceneLighting":false,"audioPlay":false,"sceneViewState":{"showFog":true,"showMaterialUpdate":false,"showSkybox":false,"showFlares":true,"showImageEffects":true,"showParticleSystems":true},"in2DMode":false,"pivot":{"x":0.0,"y":0.6523230075836182,"z":-0.0033943653106689455},"rotation":{"x":-0.009849801659584046,"y":0.9417809247970581,"z":-0.027705959975719453,"w":-0.3349387049674988},"size":8.570289611816407,"orthographic":false}