{"cameraMode":{"drawMode":0,"name":"Shaded","section":"Shading Mode"},"sceneLighting":false,"audioPlay":false,"sceneViewState":{"showFog":true,"showMaterialUpdate":false,"showSkybox":false,"showFlares":true,"showImageEffects":true,"showParticleSystems":true},"in2DMode":false,"pivot":{"x":-0.3276481032371521,"y":0.20901237428188325,"z":0.7856528759002686},"rotation":{"x":-0.0670032724738121,"y":0.9259455800056458,"z":-0.19678765535354615,"w":-0.3152935802936554},"size":4.401531219482422,"orthographic":false}