{"cameraMode":{"drawMode":0,"name":"Shaded","section":"Shading Mode"},"sceneLighting":true,"audioPlay":false,"sceneViewState":{"showFog":true,"showMaterialUpdate":false,"showSkybox":true,"showFlares":true,"showImageEffects":true,"showParticleSystems":true},"in2DMode":false,"pivot":{"x":75.27288055419922,"y":-1.0336257219314576,"z":-58.899147033691409},"rotation":{"x":0.22566315531730653,"y":-0.6603426933288574,"z":0.2184855192899704,"w":0.6821199655532837},"size":404.5206298828125,"orthographic":false}