{"cameraMode":{"drawMode":0,"name":"Shaded","section":"Shading Mode"},"sceneLighting":false,"audioPlay":false,"sceneViewState":{"showFog":true,"showMaterialUpdate":false,"showSkybox":false,"showFlares":true,"showImageEffects":true,"showParticleSystems":true},"in2DMode":false,"pivot":{"x":-0.000006198883056640625,"y":-0.46471524238586428,"z":-0.6224031448364258},"rotation":{"x":0.01643477752804756,"y":0.9647615551948547,"z":-0.06202033534646034,"w":0.25518330931663515},"size":32.420658111572269,"orthographic":false}