{"cameraMode":{"drawMode":0,"name":"Shaded","section":"Shading Mode"},"sceneLighting":true,"audioPlay":false,"sceneViewState":{"showFog":true,"showMaterialUpdate":false,"showSkybox":true,"showFlares":true,"showImageEffects":true,"showParticleSystems":true},"in2DMode":false,"pivot":{"x":287.93695068359377,"y":179.28875732421876,"z":-75.34272003173828},"rotation":{"x":-0.37190645933151247,"y":0.22809943556785584,"z":-0.09480907768011093,"w":-0.8948002457618713},"size":580.6962890625,"orthographic":false}