{"cameraMode":{"drawMode":0,"name":"Shaded","section":"Shading Mode"},"sceneLighting":true,"audioPlay":false,"sceneViewState":{"showFog":true,"showMaterialUpdate":false,"showSkybox":true,"showFlares":true,"showImageEffects":true,"showParticleSystems":true},"in2DMode":false,"pivot":{"x":132.52488708496095,"y":7.594573974609375,"z":-72.63883209228516},"rotation":{"x":-0.6568048000335693,"y":0.01308677438646555,"z":-0.0114369448274374,"w":-0.753860354423523},"size":169.77243041992188,"orthographic":false}