{"cameraMode":{"drawMode":0,"name":"Shaded","section":"Shading Mode"},"sceneLighting":true,"audioPlay":false,"sceneViewState":{"showFog":true,"showMaterialUpdate":false,"showSkybox":true,"showFlares":true,"showImageEffects":true,"showParticleSystems":true},"in2DMode":false,"pivot":{"x":309.194580078125,"y":308.4526672363281,"z":195.27838134765626},"rotation":{"x":-0.14160682260990144,"y":-0.04069632291793823,"z":0.005798008758574724,"w":-0.9890691041946411},"size":1012.2442016601563,"orthographic":false}