{"cameraMode":{"drawMode":0,"name":"Shaded","section":"Shading Mode"},"sceneLighting":true,"audioPlay":false,"sceneViewState":{"showFog":true,"showMaterialUpdate":false,"showSkybox":true,"showFlares":true,"showImageEffects":true,"showParticleSystems":true},"in2DMode":false,"pivot":{"x":416.4635925292969,"y":262.3040771484375,"z":-10.045022964477539},"rotation":{"x":-0.07284047454595566,"y":-0.09056779742240906,"z":0.006614973768591881,"w":-0.9932008981704712},"size":560.8342895507813,"orthographic":false}