{"cameraMode":{"drawMode":0,"name":"Shaded","section":"Shading Mode"},"sceneLighting":true,"audioPlay":false,"sceneViewState":{"showFog":true,"showMaterialUpdate":false,"showSkybox":true,"showFlares":true,"showImageEffects":true,"showParticleSystems":true},"in2DMode":false,"pivot":{"x":490.54315185546877,"y":180.9927520751953,"z":-19.949838638305665},"rotation":{"x":-0.1387423574924469,"y":-0.014297926798462868,"z":0.001976046245545149,"w":-0.9902233481407166},"size":740.9888305664063,"orthographic":false}