{"cameraMode":{"drawMode":0,"name":"Shaded","section":"Shading Mode"},"sceneLighting":true,"audioPlay":false,"sceneViewState":{"showFog":true,"showMaterialUpdate":false,"showSkybox":true,"showFlares":true,"showImageEffects":true,"showParticleSystems":true},"in2DMode":false,"pivot":{"x":4214.42724609375,"y":984.9855346679688,"z":-1679.030029296875},"rotation":{"x":-0.17770420014858247,"y":0.3749828338623047,"z":-0.0735020563006401,"w":-0.9068663716316223},"size":722.1468505859375,"orthographic":false}