{"cameraMode":{"drawMode":0,"name":"Shaded","section":"Shading Mode"},"sceneLighting":false,"audioPlay":false,"sceneViewState":{"showFog":true,"showMaterialUpdate":false,"showSkybox":false,"showFlares":true,"showImageEffects":true,"showParticleSystems":true},"in2DMode":false,"pivot":{"x":-0.0021861791610717775,"y":0.23666241765022279,"z":0.423107385635376},"rotation":{"x":-0.03242691978812218,"y":0.9515263438224793,"z":-0.10779862105846405,"w":-0.2862266004085541},"size":10.90615177154541,"orthographic":false}