{"cameraMode":{"drawMode":0,"name":"Shaded","section":"Shading Mode"},"sceneLighting":false,"audioPlay":false,"sceneViewState":{"showFog":true,"showMaterialUpdate":false,"showSkybox":false,"showFlares":true,"showImageEffects":true,"showParticleSystems":true},"in2DMode":false,"pivot":{"x":0.0,"y":0.6523230075836182,"z":-0.0033943653106689455},"rotation":{"x":-0.04860680177807808,"y":0.9376662373542786,"z":-0.1463303565979004,"w":-0.31145936250686648},"size":8.570289611816407,"orthographic":false}