{"cameraMode":{"drawMode":0,"name":"Shaded","section":"Shading Mode"},"sceneLighting":false,"audioPlay":false,"sceneViewState":{"showFog":true,"showMaterialUpdate":true,"showSkybox":true,"showFlares":true,"showImageEffects":true,"showParticleSystems":true},"in2DMode":false,"pivot":{"x":-48.39445495605469,"y":13.226715087890625,"z":10.400681495666504},"rotation":{"x":0.3681159019470215,"y":0.5897590517997742,"z":-0.3439655303955078,"w":0.6311598420143127},"size":137.13124084472657,"orthographic":false}