{"cameraMode":{"drawMode":0,"name":"Shaded","section":"Shading Mode"},"sceneLighting":false,"audioPlay":false,"sceneViewState":{"showFog":true,"showMaterialUpdate":false,"showSkybox":true,"showFlares":true,"showImageEffects":true,"showParticleSystems":true},"in2DMode":false,"pivot":{"x":762.0361328125,"y":600.608154296875,"z":-90.36209869384766},"rotation":{"x":0.16715647280216218,"y":0.025138234719634057,"z":-0.004263514652848244,"w":0.9856006503105164},"size":113.12030029296875,"orthographic":false}