{"cameraMode":{"drawMode":0,"name":"Shaded","section":"Shading Mode"},"sceneLighting":false,"audioPlay":false,"sceneViewState":{"showFog":true,"showMaterialUpdate":false,"showSkybox":true,"showFlares":true,"showImageEffects":true,"showParticleSystems":true},"in2DMode":false,"pivot":{"x":471.1238098144531,"y":466.7887878417969,"z":-102.87914276123047},"rotation":{"x":0.16715647280216218,"y":0.025138234719634057,"z":-0.004263514652848244,"w":0.9856006503105164},"size":526.9026489257813,"orthographic":false}