{"cameraMode":{"drawMode":0,"name":"Shaded","section":"Shading Mode"},"sceneLighting":false,"audioPlay":false,"sceneViewState":{"showFog":true,"showMaterialUpdate":true,"showSkybox":true,"showFlares":true,"showImageEffects":true,"showParticleSystems":true},"in2DMode":false,"pivot":{"x":0.07970809936523438,"y":10.156234741210938,"z":-69.38943481445313},"rotation":{"x":-0.3651246428489685,"y":0.5688626170158386,"z":-0.3108329474925995,"w":-0.6681782603263855},"size":250.35861206054688,"orthographic":false}