{"cameraMode":{"drawMode":0,"name":"Shaded","section":"Shading Mode"},"sceneLighting":false,"audioPlay":false,"sceneViewState":{"showFog":true,"showMaterialUpdate":true,"showSkybox":false,"showFlares":true,"showImageEffects":true,"showParticleSystems":true},"in2DMode":false,"pivot":{"x":0.6763596534729004,"y":8.011947631835938,"z":-25.000003814697267},"rotation":{"x":-0.00021563359769061208,"y":-0.9997439980506897,"z":0.019197361543774606,"w":-0.01197181735187769},"size":89.33976745605469,"orthographic":false}