{"cameraMode":{"drawMode":0,"name":"Shaded","section":"Shading Mode"},"sceneLighting":false,"audioPlay":false,"sceneViewState":{"showFog":true,"showMaterialUpdate":true,"showSkybox":true,"showFlares":true,"showImageEffects":true,"showParticleSystems":true},"in2DMode":false,"pivot":{"x":43.528499603271487,"y":1.600006103515625,"z":-40.58988952636719},"rotation":{"x":0.29730042815208437,"y":0.1003076508641243,"z":-0.03144049271941185,"w":0.9489796757698059},"size":209.7776336669922,"orthographic":false}