{"cameraMode":{"drawMode":0,"name":"Shaded","section":"Shading Mode"},"sceneLighting":false,"audioPlay":false,"sceneViewState":{"showFog":true,"showMaterialUpdate":true,"showSkybox":true,"showFlares":true,"showImageEffects":true,"showParticleSystems":true},"in2DMode":false,"pivot":{"x":-15.170269012451172,"y":0.4458583891391754,"z":-2.7144551277160646},"rotation":{"x":-0.28866812586784365,"y":0.6515952944755554,"z":-0.29568856954574587,"w":-0.6361309885978699},"size":195.77694702148438,"orthographic":false}