{"cameraMode":{"drawMode":0,"name":"Shaded","section":"Shading Mode"},"sceneLighting":false,"audioPlay":false,"sceneViewState":{"showFog":true,"showMaterialUpdate":true,"showSkybox":false,"showFlares":true,"showImageEffects":true,"showParticleSystems":true},"in2DMode":false,"pivot":{"x":0.045722007751464847,"y":8.011947631835938,"z":-14.999456405639649},"rotation":{"x":-0.36532074213027956,"y":0.09857197105884552,"z":-0.03892253339290619,"w":-0.9248294234275818},"size":61.11050033569336,"orthographic":false}