{"cameraMode":{"drawMode":0,"name":"Shaded","section":"Shading Mode"},"sceneLighting":false,"audioPlay":false,"sceneViewState":{"showFog":true,"showMaterialUpdate":true,"showSkybox":true,"showFlares":true,"showImageEffects":true,"showParticleSystems":true},"in2DMode":false,"pivot":{"x":-13.7067289352417,"y":-17.896244049072267,"z":22.25020980834961},"rotation":{"x":0.2850591838359833,"y":-0.14421764016151429,"z":0.043427109718322757,"w":0.9466027021408081},"size":214.71160888671876,"orthographic":false}