{"cameraMode":{"drawMode":0,"name":"Shaded","section":"Shading Mode"},"sceneLighting":false,"audioPlay":false,"sceneViewState":{"showFog":true,"showMaterialUpdate":false,"showSkybox":false,"showFlares":true,"showImageEffects":true,"showParticleSystems":true},"in2DMode":false,"pivot":{"x":-0.0021861791610717775,"y":0.23666241765022279,"z":0.423107385635376},"rotation":{"x":-0.1077478900551796,"y":0.358821302652359,"z":-0.04174136742949486,"w":-0.9262263774871826},"size":10.90615177154541,"orthographic":false}