{"cameraMode":{"drawMode":0,"name":"Shaded","section":"Shading Mode"},"sceneLighting":false,"audioPlay":false,"sceneViewState":{"showFog":true,"showMaterialUpdate":false,"showSkybox":true,"showFlares":true,"showImageEffects":true,"showParticleSystems":true},"in2DMode":false,"pivot":{"x":-54.0536994934082,"y":1.4212720394134522,"z":18.84648895263672},"rotation":{"x":-0.050459425896406177,"y":0.9482743144035339,"z":-0.19499920308589936,"w":-0.24536719918251038},"size":8.174939155578614,"orthographic":false}