{"cameraMode":{"drawMode":0,"name":"Shaded","section":"Shading Mode"},"sceneLighting":false,"audioPlay":false,"sceneViewState":{"showFog":true,"showMaterialUpdate":true,"showSkybox":false,"showFlares":true,"showImageEffects":true,"showParticleSystems":true},"in2DMode":false,"pivot":{"x":26.39898681640625,"y":4.968440055847168,"z":33.60000228881836},"rotation":{"x":-0.3395988941192627,"y":-0.07666032016277313,"z":0.02780229039490223,"w":-0.9370287656784058},"size":157.68951416015626,"orthographic":false}