{"cameraMode":{"drawMode":0,"name":"Shaded","section":"Shading Mode"},"sceneLighting":false,"audioPlay":false,"sceneViewState":{"showFog":true,"showMaterialUpdate":false,"showSkybox":true,"showFlares":true,"showImageEffects":true,"showParticleSystems":true},"in2DMode":false,"pivot":{"x":471.1238098144531,"y":466.7887878417969,"z":-102.87914276123047},"rotation":{"x":0.2893666923046112,"y":-0.14289556443691255,"z":0.0437333807349205,"w":0.9454814195632935},"size":526.9026489257813,"orthographic":false}