{"cameraMode":{"drawMode":0,"name":"Shaded","section":"Shading Mode"},"sceneLighting":false,"audioPlay":false,"sceneViewState":{"showFog":true,"showMaterialUpdate":false,"showSkybox":true,"showFlares":true,"showImageEffects":true,"showParticleSystems":true},"in2DMode":false,"pivot":{"x":-55.59375,"y":1.3948917388916016,"z":20.36711883544922},"rotation":{"x":-0.09256675839424133,"y":0.893459141254425,"z":-0.21609705686569215,"w":-0.3827066123485565},"size":8.174939155578614,"orthographic":false}