{"cameraMode":{"drawMode":0,"name":"Shaded","section":"Shading Mode"},"sceneLighting":false,"audioPlay":false,"sceneViewState":{"showFog":true,"showMaterialUpdate":true,"showSkybox":true,"showFlares":true,"showImageEffects":true,"showParticleSystems":true},"in2DMode":false,"pivot":{"x":-58.153160095214847,"y":10.674785614013672,"z":24.079421997070314},"rotation":{"x":0.1923113763332367,"y":-0.12006288021802902,"z":0.023711297661066057,"w":0.9736729264259338},"size":11.694390296936036,"orthographic":false}