{"cameraMode":{"drawMode":0,"name":"Shaded","section":"Shading Mode"},"sceneLighting":false,"audioPlay":false,"sceneViewState":{"showFog":true,"showMaterialUpdate":false,"showSkybox":false,"showFlares":true,"showImageEffects":true,"showParticleSystems":true},"in2DMode":false,"pivot":{"x":-0.010308027267456055,"y":-0.010367274284362793,"z":0.0},"rotation":{"x":-0.013144439086318016,"y":0.961112916469574,"z":-0.046466976404190066,"w":-0.2719007730484009},"size":8.690582275390625,"orthographic":false}