{"cameraMode":{"drawMode":0,"name":"Shaded","section":"Shading Mode"},"sceneLighting":false,"audioPlay":false,"sceneViewState":{"showFog":true,"showMaterialUpdate":false,"showSkybox":false,"showFlares":true,"showImageEffects":true,"showParticleSystems":true},"in2DMode":false,"pivot":{"x":-0.0007171630859375,"y":-1.1907178163528443,"z":0.1431903839111328},"rotation":{"x":-0.013225923292338848,"y":0.9816390872001648,"z":-0.07406675070524216,"w":-0.17528261244297028},"size":15.444148063659668,"orthographic":false}