{"cameraMode":{"drawMode":0,"name":"Shaded","section":"Shading Mode"},"sceneLighting":false,"audioPlay":false,"sceneViewState":{"showFog":true,"showMaterialUpdate":true,"showSkybox":false,"showFlares":true,"showImageEffects":true,"showParticleSystems":true},"in2DMode":false,"pivot":{"x":-11.400161743164063,"y":4.968440055847168,"z":18.599210739135743},"rotation":{"x":-0.36532074213027956,"y":0.09857197105884552,"z":-0.03892253339290619,"w":-0.9248294234275818},"size":88.38153076171875,"orthographic":false}