{"cameraMode":{"drawMode":0,"name":"Shaded","section":"Shading Mode"},"sceneLighting":false,"audioPlay":false,"sceneViewState":{"showFog":true,"showMaterialUpdate":true,"showSkybox":true,"showFlares":true,"showImageEffects":true,"showParticleSystems":true},"in2DMode":false,"pivot":{"x":-2.5270605087280275,"y":-17.000320434570314,"z":4.871721267700195},"rotation":{"x":0.47389179468154909,"y":-0.5251560211181641,"z":0.47759726643562319,"w":0.5210936665534973},"size":269.8091125488281,"orthographic":false}