{"cameraMode":{"drawMode":0,"name":"Shaded","section":"Shading Mode"},"sceneLighting":false,"audioPlay":false,"sceneViewState":{"showFog":true,"showMaterialUpdate":true,"showSkybox":true,"showFlares":true,"showImageEffects":true,"showParticleSystems":true},"in2DMode":false,"pivot":{"x":22.906776428222658,"y":-185.80419921875,"z":200.88278198242188},"rotation":{"x":-0.36532074213027956,"y":0.09857197105884552,"z":-0.03892253339290619,"w":-0.9248294234275818},"size":454.49737548828127,"orthographic":false}