{"cameraMode":{"drawMode":0,"name":"Shaded","section":"Shading Mode"},"sceneLighting":false,"audioPlay":false,"sceneViewState":{"showFog":true,"showMaterialUpdate":false,"showSkybox":true,"showFlares":true,"showImageEffects":true,"showParticleSystems":true},"in2DMode":false,"pivot":{"x":841.666259765625,"y":614.7877197265625,"z":-86.32337951660156},"rotation":{"x":0.16715647280216218,"y":0.025138234719634057,"z":-0.004263514652848244,"w":0.9856006503105164},"size":140.96847534179688,"orthographic":false}