{"cameraMode":{"drawMode":0,"name":"Shaded","section":"Shading Mode"},"sceneLighting":false,"audioPlay":false,"sceneViewState":{"showFog":true,"showMaterialUpdate":true,"showSkybox":true,"showFlares":true,"showImageEffects":true,"showParticleSystems":true},"in2DMode":false,"pivot":{"x":-75.87387084960938,"y":-12.19088363647461,"z":30.49758529663086},"rotation":{"x":-0.28866812586784365,"y":0.6515952944755554,"z":-0.29568856954574587,"w":-0.6361309885978699},"size":59.834716796875,"orthographic":false}