{"cameraMode":{"drawMode":0,"name":"Shaded","section":"Shading Mode"},"sceneLighting":false,"audioPlay":false,"sceneViewState":{"showFog":true,"showMaterialUpdate":true,"showSkybox":true,"showFlares":true,"showImageEffects":true,"showParticleSystems":true},"in2DMode":false,"pivot":{"x":-0.48943743109703066,"y":0.672787606716156,"z":164.89971923828126},"rotation":{"x":0.28434306383132937,"y":0.4995444416999817,"z":-0.17782986164093018,"w":0.798737108707428},"size":84.8897933959961,"orthographic":false}