{"cameraMode":{"drawMode":0,"name":"Shaded","section":"Shading Mode"},"sceneLighting":false,"audioPlay":false,"sceneViewState":{"showFog":true,"showMaterialUpdate":false,"showSkybox":true,"showFlares":true,"showImageEffects":true,"showParticleSystems":true},"in2DMode":false,"pivot":{"x":-52.688148498535159,"y":1.8985906839370728,"z":21.222333908081056},"rotation":{"x":-0.24876414239406587,"y":0.3780035078525543,"z":-0.10620342940092087,"w":-0.8854098320007324},"size":9.14108657836914,"orthographic":false}