{"cameraMode":{"drawMode":0,"name":"Shaded","section":"Shading Mode"},"sceneLighting":false,"audioPlay":false,"sceneViewState":{"showFog":true,"showMaterialUpdate":false,"showSkybox":true,"showFlares":true,"showImageEffects":true,"showParticleSystems":true},"in2DMode":false,"pivot":{"x":46.22896194458008,"y":-111.07499694824219,"z":53.40950393676758},"rotation":{"x":0.5019422173500061,"y":-0.4980439841747284,"z":0.5025475025177002,"w":0.4974457621574402},"size":158.9920654296875,"orthographic":true}