{"cameraMode":{"drawMode":0,"name":"Shaded","section":"Shading Mode"},"sceneLighting":true,"audioPlay":false,"sceneViewState":{"showFog":true,"showMaterialUpdate":false,"showSkybox":true,"showFlares":true,"showImageEffects":true,"showParticleSystems":true},"in2DMode":false,"pivot":{"x":-109.12107849121094,"y":59.60869598388672,"z":-223.2848663330078},"rotation":{"x":-0.17450101673603059,"y":0.08731653541326523,"z":-0.015537682920694352,"w":-0.980654776096344},"size":639.52783203125,"orthographic":false}