{"cameraMode":{"drawMode":0,"name":"Shaded","section":"Shading Mode"},"sceneLighting":false,"audioPlay":false,"sceneViewState":{"showFog":true,"showMaterialUpdate":false,"showSkybox":false,"showFlares":true,"showImageEffects":true,"showParticleSystems":true},"in2DMode":false,"pivot":{"x":-15.578556060791016,"y":7.010252952575684,"z":-0.46757960319519045},"rotation":{"x":0.17405372858047486,"y":-0.8245991468429565,"z":0.3537970185279846,"w":0.4056713581085205},"size":68.34953308105469,"orthographic":true}