{"cameraMode":{"drawMode":0,"name":"Shaded","section":"Shading Mode"},"sceneLighting":true,"audioPlay":false,"sceneViewState":{"showFog":true,"showMaterialUpdate":false,"showSkybox":true,"showFlares":true,"showImageEffects":true,"showParticleSystems":true},"in2DMode":false,"pivot":{"x":77.3600082397461,"y":0.09569823741912842,"z":-70.81999969482422},"rotation":{"x":-0.06063833087682724,"y":0.9169560670852661,"z":-0.3634713888168335,"w":-0.1529809832572937},"size":1341.04736328125,"orthographic":false}